MSFT,PYPL,GOOG,GOOGL,NVDA,AAPL,TSLA,CMCSA,FB,AMZN
0.1828562728380025,0.04493376979293546,0.07589829476248479,0.06805724725943972,0.05444960414129112,0.21218407429963462,0.08101781364190012,0.03754948233861146,0.07517509135200977,0.16787834957369066
