MSFT,PYPL,GOOG,GOOGL,NVDA,AAPL,TSLA,CMCSA,FB,AMZN
0.1728611500701262,0.04499766245909302,0.06206171107994388,0.05627629733520335,0.05208820321022283,0.2337346111890291,0.10746844319775595,0.037283777466105644,0.06697054698457222,0.1662575970079476
