MSFT,PYPL,GOOG,GOOGL,NVDA,AAPL,TSLA,ADBE,FB,AMZN
0.19895870668351853,0.042349701005451705,0.0777574465676935,0.07173982758295448,0.06851408198298467,0.21463469845881045,0.07038161890928299,0.04085944426628436,0.07473920507064573,0.14006526947237366
