MSFT,PYPL,GOOG,GOOGL,NVDA,AAPL,TSLA,ADBE,FB,AMZN
0.18081209570571272,0.045690125477359525,0.0615891200997584,0.05597771023302939,0.052567999376510015,0.24090094302860263,0.08335281739537058,0.03918244875691684,0.06901254773595199,0.17091419219078793
