MSFT,PYPL,GOOGL,GOOG,NVDA,AAPL,TSLA,CMCSA,FB,AMZN
0.18168200685796787,0.03605847319978343,0.06886843530048727,0.06691932864103953,0.04611081032304638,0.23566143295434036,0.08162786500631654,0.03333333333333333,0.07402995849124706,0.1757083558924382
