MSFT,PYPL,NFLX,GOOG,GOOGL,NVDA,AAPL,TSLA,FB,AMZN
0.18309506377403567,0.043620669723710065,0.037378135717313396,0.06323455743516627,0.05735809795383607,0.05109629686717275,0.2342491618820084,0.09718315286501483,0.06483372509729876,0.16795113868444378
