MSFT,PYPL,GOOG,GOOGL,NVDA,AAPL,TSLA,INTC,FB,AMZN
0.1878832004904966,0.04594573881054567,0.07190757204169221,0.06558476394849784,0.05736511342734518,0.21518623543838133,0.08395922746781113,0.03824340895156345,0.07037477007970569,0.16354996934396074
