MSFT,PYPL,GOOG,GOOGL,NVDA,AAPL,TSLA,CMCSA,FB,AMZN
0.18904880001562221,0.04602706555488293,0.0751039856275264,0.06807397137221972,0.05069421390771153,0.22287097971059774,0.07572887578355367,0.04132086156730262,0.06860122244136772,0.16253002401921537
