MSFT,PYPL,GOOG,GOOGL,NVDA,AAPL,TSLA,CMCSA,FB,AMZN
0.187307192332318,0.045264934712170905,0.07780213810364565,0.06988611008711512,0.057313595002037226,0.21330591179837416,0.06988611008711512,0.03880405890456143,0.07704545895500671,0.16338449001765587
