MSFT,PYPL,GOOG,GOOGL,NVDA,AAPL,TSLA,INTC,FB,AMZN
0.18229085829582492,0.05117957473226757,0.06935821822132547,0.06283951575353096,0.05628201148533291,0.2209374514977495,0.09170805525376377,0.0393256247089865,0.06291711935433804,0.16316157069688034
