MSFT,PYPL,GOOG,GOOGL,NVDA,AAPL,TSLA,ADBE,FB,AMZN
0.18463404924838395,0.04786457642219399,0.07679184122230015,0.0682804769397001,0.06678293177639186,0.20573237540992925,0.07021401626447785,0.03887930544234451,0.07464978295073266,0.16617064432354556
