MSFT,PYPL,GOOG,GOOGL,NVDA,AAPL,TSLA,ADBE,FB,AMZN
0.19123333144721705,0.0421546992587563,0.0792546068390577,0.07336992398951321,0.07270978328523738,0.21007563326354706,0.07189875327712708,0.04057036156849431,0.07563326354703032,0.14309964352401972
