MSFT,PYPL,GOOG,GOOGL,NVDA,AAPL,TSLA,INTC,FB,AMZN
0.1855403259015236,0.04592427005510128,0.07147479263486088,0.06510186873737671,0.05176775104417907,0.2151303017824578,0.08306370962997824,0.042100515716610776,0.07453379610565328,0.16536266839225836
