MSFT,PYPL,GOOG,GOOGL,NVDA,AAPL,TSLA,INTC,FB,AMZN
0.18860776885783267,0.04551789114177479,0.07225155553810823,0.06608828782852769,0.05378138065047992,0.213084185526135,0.08110389228021277,0.041180049855732426,0.07413586668498637,0.1642491216362102
