MSFT,PYPL,GOOG,NVDA,GOOGL,AAPL,TSLA,ADBE,FB,AMZN
0.18454102674156042,0.0473062496501017,0.073917181405938,0.06703118293615988,0.0665646518745218,0.21346595256312165,0.06904659712243641,0.038759400600892,0.07401048761826562,0.16535726948700244
