GOOGL ,FB ,AAPL ,AMZN ,NVDA ,ADBE ,TSLA ,PYPL ,GOOG ,MSFT 
0.06275747686052112,0.07424250530558381,0.23633477787883655,0.19032332851818168,0.05048775703101315,0.035721291887361124,0.06067091113370072,0.0355251190412498,0.06093841956021615,0.19299841278333602
