MSFT,PYPL,GOOG,NVDA,GOOGL,AAPL,TSLA,ADBE,FB,AMZN
0.18788994963542055,0.042885063519506876,0.07748252273923176,0.071901074945501,0.07148763436818761,0.20972712921897316,0.07404344884612493,0.040442005562655044,0.07654288506351951,0.1475982861008795
