MSFT,PYPL,GOOG,GOOGL,NVDA,AAPL,TSLA,CMCSA,FB,AMZN
0.18635150295949557,0.04586250918797633,0.07816549963248097,0.0701381097914813,0.06065998684668653,0.20700994235753803,0.07348446748423537,0.03947928353127781,0.07824287206468336,0.16060582614414487
