MSFT,PYPL,GOOG,NVDA,GOOGL,AAPL,TSLA,ADBE,FB,AMZN
0.1883403026495903,0.04292223743179134,0.07780007125578954,0.07193084438110597,0.07179958371617695,0.21380487164582124,0.07262465075287368,0.04025952108608825,0.07485608205666712,0.14566183502409571
