MSFT,PYPL,GOOG,GOOGL,NVDA,AAPL,TSLA,CMCSA,FB,AMZN
0.185858663935535,0.046068523063247595,0.07891939940868421,0.07072600436723415,0.06518000347832809,0.20765618659297763,0.06991439448105277,0.03895727453670602,0.07806914143268469,0.15865040870354985
