MSFT,PYPL,GOOG,GOOGL,NVDA,AAPL,TSLA,INTC,FB,AMZN
0.18755044778414112,0.04620056117154168,0.07277933658761578,0.06637967482799707,0.05281162316946612,0.217011953722566,0.07816043356267055,0.04101164623131029,0.07304839143636853,0.16504593150632274
