MSFT,PYPL,GOOG,GOOGL,NVDA,AAPL,TSLA,CMCSA,FB,AMZN
0.18981827950799227,0.04568917544566615,0.07309116727112239,0.06666282885268553,0.05551397923742637,0.2173162166829774,0.08349164316005604,0.03645923282098517,0.06980983631723371,0.1621476407038551
