MSFT,PYPL,GOOGL,GOOG,NVDA,AAPL,TSLA,CMCSA,FB,AMZN
0.184323595505618,0.035811235955056184,0.06971685393258428,0.06770337078651686,0.047244943820224726,0.2256539325842697,0.07879550561797753,0.03404943820224719,0.07557752808988764,0.181123595505618
