MSFT,PYPL,GOOG,GOOGL,NVDA,AAPL,TSLA,ADBE,FB,AMZN
0.17822110415569725,0.04424813276389945,0.061253144562101444,0.05585132315372764,0.0521266015327912,0.23908422551141792,0.08773572027535637,0.03869030207297334,0.06959964117865013,0.1731898047933852
