MSFT,PYPL,NFLX,GOOG,GOOGL,NVDA,AAPL,TSLA,FB,AMZN
0.1939288258896764,0.04070574117823527,0.03729328383395208,0.07848651891851352,0.0736678291521356,0.06935538305771179,0.20673491581355236,0.08521768477894026,0.06884913938575768,0.14576067799152512
