MSFT,PYPL,GOOG,GOOGL,NVDA,AAPL,TSLA,CMCSA,FB,AMZN
0.1886155981340838,0.04423840548980299,0.07644859092486217,0.06904660935271212,0.05416554223370214,0.21562126527622497,0.07058868884691005,0.041134970507729664,0.07658352288060448,0.16355680635336747
