MSFT,PYPL,NFLX,GOOG,GOOGL,NVDA,AAPL,TSLA,FB,AMZN
0.18014368694588812,0.04725236930602262,0.03641852644451238,0.06807933353714461,0.061773922347905845,0.05038596759400795,0.22873356771629472,0.09834530724549068,0.06339804341180068,0.16546927545093246
