MSFT,PYPL,GOOG,GOOGL,NVDA,AAPL,TSLA,ADBE,FB,AMZN
0.18988427735305893,0.04358187329609364,0.07744075648675958,0.0717022858559091,0.06543000400358416,0.21539282786494576,0.0725030026881208,0.040016776924103485,0.07555335252511772,0.1484948430023068
