GOOGL ,FB ,AAPL ,AMZN ,NVDA ,ADBE ,TSLA ,PYPL ,GOOG ,MSFT 
0.06596118676870084,0.08023650148257311,0.2305356794091014,0.18806484259867545,0.05012339979758882,0.03501358285541805,0.05857495427993111,0.035599509951882956,0.06415013937962749,0.19174020347650078
