MSFT,PYPL,GOOG,GOOGL,NVDA,AAPL,TSLA,ADBE,FB,AMZN
0.194754807781985,0.04086847848389322,0.07727891664024172,0.0725224300983007,0.07086232303072129,0.20396933465147074,0.089030236332096,0.03767883456753277,0.06595661338158212,0.1470780250321762
