MSFT,PYPL,GOOG,GOOGL,NVDA,AAPL,TSLA,INTC,FB,AMZN
0.18648511171107718,0.049184176546543015,0.07131118675900927,0.06452244003599795,0.05485776890871385,0.21884415228704462,0.08410611574128418,0.04022381343663184,0.06573541495480689,0.1647298196188911
