MSFT,PYPL,GOOG,GOOGL,NVDA,AAPL,TSLA,ADBE,FB,AMZN
0.1914352462413806,0.0416933569463808,0.07699988695881534,0.07244055917706019,0.06952032857304345,0.20776969742642906,0.08468668751648518,0.036889106597837146,0.07204491503070952,0.1465202155318588
