MSFT,PYPL,GOOG,GOOGL,NVDA,AAPL,TSLA,ADBE,FB,AMZN
0.1853013880965963,0.04806997528047157,0.07630728275337516,0.06841604867845598,0.06698992203841034,0.20621791215059898,0.0743677505229131,0.039151930024719526,0.07592698231602965,0.15925080813842935
