MSFT,PYPL,GOOG,GOOGL,NVDA,AAPL,TSLA,INTC,FB,AMZN
0.1735569807597435,0.046156882091761234,0.061825357671435634,0.05606314750863346,0.052294030587074505,0.23334977799704,0.1046275283670449,0.038756783423778994,0.06523926985693144,0.16813024173655652
