MSFT,NFLX,NVDA,GOOG,GOOGL,AAPL,TSLA,ADBE,FB,AMZN
0.19715380405035576,0.03581463236635651,0.09007480386790732,0.07465790914066776,0.06975004561211458,0.19317642765918627,0.09981755154168949,0.03714650611202336,0.06330961503375297,0.139098704615946
