MSFT,PYPL,GOOG,GOOGL,NVDA,AAPL,TSLA,INTC,FB,AMZN
0.19051952676769673,0.045879001305741296,0.07122225299726981,0.06504965773750641,0.05175483717801606,0.21734657539666838,0.07850274997032405,0.04283227159419142,0.07272583389387884,0.1641672931587069
