MSFT,PYPL,GOOG,GOOGL,NVDA,AAPL,TSLA,ADBE,FB,AMZN
0.1904825278527701,0.04367086200996237,0.07749344081524012,0.07133351077987757,0.06747404844290658,0.2130879501121716,0.07281645689950189,0.04013460587855053,0.07610555534430968,0.1474010418647097
