MSFT,PYPL,GOOG,GOOGL,NVDA,AAPL,TSLA,ADBE,FB,AMZN
0.18847864269965245,0.046956164281176424,0.07606786501737732,0.06807055570088567,0.06138121753428753,0.21775851115512537,0.06846294704585373,0.039295190403228826,0.07287267835120893,0.16065622781120373
