MSFT,PYPL,GOOG,GOOGL,NVDA,AAPL,TSLA,ADBE,FB,AMZN
0.19137869072613445,0.042633679471902254,0.07772040326089014,0.07187576840870832,0.06642834175036412,0.2158921106886834,0.07418335886814581,0.04023151563297963,0.0755073861809378,0.14414874501125427
