MSFT,PYPL,GOOG,GOOGL,NVDA,AAPL,TSLA,ADBE,FB,AMZN
0.19117011074967566,0.04191188913750635,0.0768478649192411,0.07192147866799542,0.07068048060470451,0.20482108944587557,0.07987514807363255,0.040257225053118476,0.07376417276197281,0.14875054058627757
