MSFT,NVDA,AAPL,TSLA,AMZN
0.13799446854938974,0.0538555225698409,0.13710639161655372,0.07647611073050668,0.09456750653370884
