MSFT,PYPL,GOOG,GOOGL,NVDA,AAPL,TSLA,ADBE,FB,AMZN
0.18810747926595864,0.04754756633016849,0.07689420947949112,0.06897586970390662,0.06394716103126055,0.21375764626411975,0.06612376627762975,0.039253949787968624,0.07638758584456035,0.15900476601493602
