MSFT,PYPL,GOOGL,GOOG,NVDA,AAPL,TSLA,ADBE,FB,AMZN
0.19115228884134589,0.034266315398624396,0.06849726824265785,0.06635783368990576,0.05175309864384603,0.22918471630390577,0.057694007815124564,0.03417790901214704,0.07965415421610057,0.18726240783634207
