MSFT,PYPL,NFLX,GOOG,GOOGL,NVDA,AAPL,TSLA,FB,AMZN
0.17222008464794153,0.04528664871104272,0.03830319353597538,0.06321662177760677,0.057368218545594464,0.05207772220084648,0.23836090804155446,0.10011542901115814,0.06652558676414007,0.1665255867641401
