MSFT,GOOGL,GOOG,NVDA,AAPL,TSLA,CMCSA,ADBE,FB,AMZN
0.19071886479867461,0.07111215155225815,0.0690052582294893,0.04872866095224375,0.23741266296909888,0.0565079593747749,0.03317006410718144,0.033422171000504215,0.07750486206151408,0.1824173449542606
