MSFT,PYPL,GOOG,GOOGL,NVDA,AAPL,TSLA,ADBE,FB,AMZN
0.1910820832313802,0.04223681981591975,0.07758474656025899,0.07274746372037871,0.07135462741628866,0.20629034990306613,0.08153739012591993,0.038340642586911104,0.07146756008959326,0.14735831655028328
