MSFT,PYPL,GOOGL,GOOG,NVDA,AAPL,TSLA,CMCSA,FB,AMZN
0.18625557340650215,0.033738289077025835,0.07002184233803274,0.06800007220607614,0.04819755582432262,0.23477805657346068,0.06809032980125278,0.0334494647724606,0.07585248298644331,0.18161633301442318
