MSFT,PYPL,GOOG,NVDA,GOOGL,AAPL,TSLA,ADBE,FB,AMZN
0.18721762048192772,0.04644201807228916,0.07456701807228916,0.06955948795180723,0.06745105421686748,0.2090926204819277,0.0724585843373494,0.038610692771084344,0.07609186746987952,0.1585090361445783
