MSFT,PYPL,GOOG,GOOGL,NVDA,AAPL,TSLA,INTC,FB,AMZN
0.1814004672085256,0.05210726489951155,0.06797690985964437,0.061683109060370285,0.05519624688688533,0.22539915439118094,0.0937506033167944,0.03774349865822345,0.06369094735216324,0.16105179836670078
