MSFT,PYPL,GOOG,GOOGL,NVDA,AAPL,TSLA,ADBE,FB,AMZN
0.17825336419632,0.04547059515869592,0.061595197928518204,0.05598493467770412,0.05394483895013537,0.2322570520616737,0.08793989564125702,0.03960531994193575,0.07167797873592532,0.1732708227078348
