MSFT,PYPL,GOOGL,GOOG,NVDA,AAPL,TSLA,CMCSA,FB,AMZN
0.18078063956012153,0.03631891187961221,0.0700694544928375,0.06795326291419476,0.047569092750687304,0.23299811894081895,0.07934814064534798,0.033497323108088554,0.07493488641296484,0.17653016929532628
