MSFT,PYPL,GOOG,GOOGL,NVDA,AAPL,TSLA,CMCSA,FB,AMZN
0.18816051164060366,0.047127871153921135,0.07179347190266348,0.06506648988027922,0.05112506337012049,0.21721327457785747,0.08591038490036265,0.041863276527707355,0.06810825566431383,0.16363140038217053
