MSFT,PYPL,GOOGL,GOOG,NVDA,AAPL,TSLA,ADBE,FB,AMZN
0.1902635978798335,0.03459499839920316,0.06918999679840632,0.06714453416811923,0.04900216996905126,0.23117285048557504,0.05727295364803814,0.033972466294333176,0.07854576500302374,0.18884066735441643
11/01/2020