MSFT,NFLX,GOOG,NVDA,GOOGL,AAPL,TSLA,ADBE,FB,AMZN
0.1957802592447113,0.03772702616762995,0.07479939397340217,0.07285412341245347,0.06980528589865889,0.20711520116716234,0.09503768961711839,0.03931691076071301,0.06520397284103024,0.14236013691712024
