MSFT,PYPL,GOOG,GOOGL,NVDA,AAPL,TSLA,CMCSA,FB,AMZN
0.1862863496079897,0.04416585197538673,0.07686851841202291,0.06920083577740715,0.05468974639139686,0.21385166867943334,0.0781336860467345,0.039546073188030745,0.07508578219947475,0.16217148772212317
